Nome;Link
Café Brasil 774 – Adversário x Inimigo;https://portalcafebrasil.com.br/podcasts/cafe-brasil-774-adversario-x-inimigo/
Café Brasil 773 – Falando sobre nação – Revisitado;https://portalcafebrasil.com.br/podcasts/cafe-brasil-773-falando-sobre-nacao-revisitado/
Café Brasil 772 – ComunicaAgro – Live com Tejon;https://portalcafebrasil.com.br/podcasts/cafe-brasil-772-comunicaagro-live-com-tejon/
Café Brasil 771 – LíderCast Aurelio Alfieri;https://portalcafebrasil.com.br/podcasts/cafe-brasil-771-lidercast-aurelio-alfieri/
Café Brasil 770 – O Kit Para Detecção de Bobagens;https://portalcafebrasil.com.br/podcasts/cafe-brasil-770-o-kit-para-deteccao-de-bobagens/
Café Brasil 769 – Paulo Gustavo e as 48 horas;https://portalcafebrasil.com.br/podcasts/cafe-brasil-769-paulo-gustavo-e-as-48-horas/
Café Brasil 768 – A Expedição Franklin;https://portalcafebrasil.com.br/podcasts/cafe-brasil-768-a-expedicao-franklin/
Café Brasil 767 – Sexo bom – Revisitado;https://portalcafebrasil.com.br/podcasts/cafe-brasil-767-sexo-bom-revisitado/
Café Brasil 766 – LíderCast Ilona Becskeházy;https://portalcafebrasil.com.br/podcasts/cafe-brasil-766-lidercast-ilona-becskehazy/
Café Brasil 765 – Foxes and Fossils;https://portalcafebrasil.com.br/podcasts/cafe-brasil-765-foxes-and-fossils/
Café Brasil 764 – LíderCast Live – Gastronomia Viva;https://portalcafebrasil.com.br/podcasts/cafe-brasil-764-lidercast-live-gastronomia-viva/
Café Brasil 763 – A Agro é pop?;https://portalcafebrasil.com.br/podcasts/cafe-brasil-762-a-agro-e-pop/
Café Brasil 762 – LíderCast Alessandro Santana;https://portalcafebrasil.com.br/podcasts/cafe-brasil-762-lidercast-com-o-negao/
Café Brasil 761 – O viés nosso de cada dia;https://portalcafebrasil.com.br/podcasts/cafe-brasil-761-o-vies-nosso-de-cada-dia/
Café Brasil 760 – Carl Sagan e o dragão na garagem;https://portalcafebrasil.com.br/podcasts/cafe-brasil-760-carl-sagan-e-o-dragao-na-garagem/
Café Brasil 759 – Karl Popper e os negacionistas;https://portalcafebrasil.com.br/podcasts/cafe-brasil-759-karl-popper-e-os-negacionistas/
Café Brasil 758 – LíderCast César Menotti;https://portalcafebrasil.com.br/podcasts/cafe-brasil-758-lidercast-cesar-menotti/
Café Brasil 757 – O dono da firma;https://portalcafebrasil.com.br/podcasts/cafe-brasil-757-o-dono-da-firma/
Café Brasil 756 – Netiqueta e as mulas digitais;https://portalcafebrasil.com.br/sem-categoria/cafe-brasil-756-netiqueta-e-as-mulas-digitais/
Café Brasil 755 – Alfabestismo digital;https://portalcafebrasil.com.br/podcasts/cafe-brasil-755-alfabestismo-digital/
Café Brasil 754 – LíderCast Amyr Klink;https://portalcafebrasil.com.br/podcasts/cafe-brasil-754-lidercast-amyr-klink/
Café Brasil 753 – A sala dos professores;https://portalcafebrasil.com.br/podcasts/cafe-brasil-753-a-sala-dos-professores/
Café Brasil 752 – Jam Session;https://portalcafebrasil.com.br/podcasts/cafe-brasil-752-jam-session/
Café Brasil 751 – A hipocrisia nossa de cada dia;https://portalcafebrasil.com.br/podcasts/cafe-brasil-751-a-hipocrisia-nossa-de-cada-dia/
Café Brasil 750 – The Rocket Man;https://portalcafebrasil.com.br/podcasts/cafe-brasil-750-the-rocket-man/
Café Brasil 749 – Mais atrai mais.;https://portalcafebrasil.com.br/podcasts/cafe-brasil-749-mais-atrai-mais/
Café Brasil 748 – Paciência;https://portalcafebrasil.com.br/podcasts/cafe-brasil-748-paciencia/
Café Brasil 747 – O vírus – Com Alessandro Loiola;https://portalcafebrasil.com.br/podcasts/cafe-brasil-747-o-virus-com-alessandro-loiola/
Café Brasil 746 – O viés;https://portalcafebrasil.com.br/podcasts/cafe-brasil-746-o-vies/
Café Brasil – A chamada;https://portalcafebrasil.com.br/podcasts/cafe-brasil-chamada/
Café Brasil 745 – Superhomem;https://portalcafebrasil.com.br/podcasts/cafe-brasil-745-superhomem/
Café Brasil 744 – Sinalização de virtude;https://portalcafebrasil.com.br/podcasts/cafe-brasil-744-sinalizacao-de-virtude/
Café Brasil 743 – A inveja;https://portalcafebrasil.com.br/podcasts/cafe-brasil-743-a-inveja/
Café Brasil 742 – Além Mar;https://portalcafebrasil.com.br/podcasts/cafe-brasil-742-alem-mar/
Café Brasil 741 – A cascata de disponibilidade;https://portalcafebrasil.com.br/podcasts/cafe-brasil-741-a-cascata-de-disponibilidade/
Café Brasil 740 – O tempo passou na janela;https://portalcafebrasil.com.br/podcasts/cafe-brasil-740-o-tempo-passou-na-janela/
Café Brasil 739 – O deleite – Revisitado;https://portalcafebrasil.com.br/podcasts/cafe-brasil-739-o-deleite-revisitado/
Café Brasil 738 – O encantador de Millennials;https://portalcafebrasil.com.br/podcasts/cafe-brasil-738-o-encantador-de-millennials/
Café Brasil 737 – A Lei de Murphy;https://portalcafebrasil.com.br/podcasts/cafe-brasil-737-a-lei-de-murphy/
Café Brasil 736 – Coisas Sobre Você;https://portalcafebrasil.com.br/podcasts/cafe-brasil-716-coisas-sobre-voce/
Café Brasil 735 – Morrer de quê?;https://portalcafebrasil.com.br/podcasts/cafe-brasil-735-morrer-de-que/
Café Brasil 734 – Globalização e Globalismo;https://portalcafebrasil.com.br/podcasts/cafe-brasil-734-globalizacao-e-globalismo/
Café Brasil 733 – Agro Resenha;https://portalcafebrasil.com.br/podcasts/cafe-brasil-733-agro-resenha/
Café Brasil 732 – Os quatro Princípios da Objetividade;https://portalcafebrasil.com.br/podcasts/cafe-brasil-732-os-quatro-principios-da-objetividade/
Café Brasil 731 – O Princípio de Pareto;https://portalcafebrasil.com.br/podcasts/cafe-brasil-731-o-principio-de-pareto/
Café Brasil 730 – Um massacre cultural revisitado;https://portalcafebrasil.com.br/podcasts/cafe-brasil-730-um-massacre-cultural-revisitado/
Café Brasil 729 – Cala Boca Zebedeu;https://portalcafebrasil.com.br/podcasts/cafe-brasil-729-cala-boca-zebedeu/
Café Brasil 728 – Saindo do armário Político;https://portalcafebrasil.com.br/podcasts/cafe-brasil-728-saindo-do-armario-politico/
Café Brasil 727 – A nova Inquisição;https://portalcafebrasil.com.br/podcasts/cafe-brasil-727-a-nova-inquisicao/
Comunicado Café Brasil e Omnystudio;https://portalcafebrasil.com.br/podcasts/comunicado-cafe-brasil-e-omnystudio/
Café Brasil 726 – Gently Weeps;https://portalcafebrasil.com.br/podcasts/cafe-brasil-726-gently-weeps/
Café Brasil 725 – A revolução da mídia;https://portalcafebrasil.com.br/podcasts/cafe-brasil-725-a-revolucao-da-midia/
Café Brasil 724 – A Pátria dos bobos felizes;https://portalcafebrasil.com.br/podcasts/cafe-brasil-724-a-patria-dos-bobos-felizes/
Café Brasil 723 – O Paradoxo do Dadinho;https://portalcafebrasil.com.br/podcasts/cafe-brasil-723-o-paradoxo-do-dadinho/
Café Brasil 722 – O Poder do Mau;https://portalcafebrasil.com.br/podcasts/cafe-brasil-722-o-poder-do-mau/
Café Brasil 721 – Lake Street Dive;https://portalcafebrasil.com.br/podcasts/cafe-brasil-721-lake-street-dive/
Café Brasil 720 – Conversa com Ganime;https://portalcafebrasil.com.br/podcasts/cafe-brasil-720-conversa-com-ganime/
Café Brasil 719 – Licença poética;https://portalcafebrasil.com.br/podcasts/cafe-brasil-711-licenca-poetica/
Café Brasil Especial – Heróis da Saúde 12 – The Dark Side Of The Moon;https://portalcafebrasil.com.br/podcasts/cafe-brasil-especial-herois-da-saude-12-the-dark-side-of-the-moon/
Café Brasil Especial – Heróis da Saúde 11 – Qual é seu propósito?;https://portalcafebrasil.com.br/podcasts/cafe-brasil-especial-herois-da-saude-11-qual-e-seu-proposito/
Café Brasil 718 – No lugar do outro;https://portalcafebrasil.com.br/podcasts/718-no-lugar-do-outro/
Café Brasil Especial – Heróis da Saúde 10 – Va Pensiero;https://portalcafebrasil.com.br/podcasts/cafe-brasil-especial-herois-da-saude-10-va-pensiero/
Café Brasil Especial – Heróis da Saúde 9 – Rua Ramalhete;https://portalcafebrasil.com.br/podcasts/cafe-brasil-especial-herois-da-saude-9-rua-ramalhete/
Café Brasil Especial – Heróis da Saúde 8 – Tapestry;https://portalcafebrasil.com.br/podcasts/cafe-brasil-especial-herois-da-saude-8-tapestry/
Café Brasil 717- Tequinologia do abraço – Revisitado;https://portalcafebrasil.com.br/podcasts/710-tequinologia-do-abraco-revisitado/
Café Brasil Especial – Heróis da Saúde 7 – Pinxado no Muro 2;https://portalcafebrasil.com.br/podcasts/cafe-brasil-especial-herois-da-saude-7-pinxado-no-muro-2/
Café Brasil Especial – Heróis da Saúde 06 – Pinxado no Muro 1;https://portalcafebrasil.com.br/podcasts/cafe-brasil-especial-herois-da-saude-06-pinxado-no-muro-1/
Café Brasil Especial – Heróis da Saúde 05 – Hallelujah;https://portalcafebrasil.com.br/podcasts/cafe-brasil-especial-herois-da-saude-05-hallelujah/
Café Brasil 716 – Cafezinho Live com Adalberto Piotto;https://portalcafebrasil.com.br/podcasts/716-cafezinho-live-com-adalberto-piotto/
Café Brasil Especial – Heróis da Saúde 04 – A Caverna de Todos Nós;https://portalcafebrasil.com.br/podcasts/cafe-brasil-especial-herois-da-saude-04-a-caverna-de-todos-nos/
Café Brasil Especial – Heróis da Saúde 03 – Hotel Califórnia;https://portalcafebrasil.com.br/podcasts/cafe-brasil-especial-herois-da-saude-03-hotel-california/
Café Brasil Especial – Heróis da Saúde 02 – Um Dia Útil;https://portalcafebrasil.com.br/podcasts/cafe-brasil-especial-herois-da-saude-02-um-dia-util/
Café Brasil 715 – Cafezinho Live com Dado Schneider;https://portalcafebrasil.com.br/podcasts/715-cafezinho-live-com-dado-schneider/
Café Brasil Especial – Heróis da Saúde 01 – God Save The Queen;https://portalcafebrasil.com.br/podcasts/cafe-brasil-especial-herois-da-saude-01-god-save-the-queen/
Café Brasil 714 – Cafezinho Live com Murilo Gun;https://portalcafebrasil.com.br/podcasts/714-cafezinho-live-com-murilo-gun/
Café Brasil 713 – Cafezinho Live com Bruno Garschagen;https://portalcafebrasil.com.br/podcasts/713-cafezinho-live-com-bruno-garschagen/
Café Brasil 712 – Cafezinho Live – Ricardo Jordão Magalhães;https://portalcafebrasil.com.br/podcasts/712-cafezinho-live-ricardo-jordao-magalhaes/
Café Brasil 711 – Cafezinho Live – Gustavo Cerbasi;https://portalcafebrasil.com.br/podcasts/711-cafezinho-live-gustavo-cerbasi/
Café Brasil 710 – Todo mundo junto;https://portalcafebrasil.com.br/podcasts/710-todo-mundo-junto/
Café Brasil 709 – Sobre perguntas;https://portalcafebrasil.com.br/podcasts/709-sobre-perguntas/
Café Brasil 708 – Manifesto do Educador Honesto;https://portalcafebrasil.com.br/podcasts/708-manifesto-do-educador-honesto/
Café Brasil 707 – O benefício da dúvida – Revisitado;https://portalcafebrasil.com.br/podcasts/707-o-beneficio-da-duvida-revisitado/
Café Brasil 706 – Humildade Intelectual;https://portalcafebrasil.com.br/podcasts/cafe-brasil-706-humildade-intelectual/
Café Brasil 705 – Empreendedor: Meu malvado favorito;https://portalcafebrasil.com.br/podcasts/705-empreendedor-meu-malvado-favorito/
Café Brasil 704 – 45 Minutos do Primeiro Tempo;https://portalcafebrasil.com.br/podcasts/704-45-minutos-do-primeiro-tempo/
Café Brasil 703 – Fogo no Hall;https://portalcafebrasil.com.br/podcasts/703-fogo-no-hall/
Café Brasil 702 – Saindo da Bolha;https://portalcafebrasil.com.br/podcasts/702-saindo-da-bolha/
Café Brasil 701 – Sorte;https://portalcafebrasil.com.br/podcasts/701-sorte/
Café Brasil 700 – Girl Power;https://portalcafebrasil.com.br/podcasts/700-girl-power/
Café Brasil 699- Um brasileiro;https://portalcafebrasil.com.br/podcasts/699-um-brasileiro/
Café Brasil 698 – A Mente Moralista;https://portalcafebrasil.com.br/podcasts/698-a-mente-moralista/
Café Brasil 697 – O isentão;https://portalcafebrasil.com.br/podcasts/697-o-isentao/
Café Brasil 696 – Cachaça, Prosa e Viola;https://portalcafebrasil.com.br/podcasts/696-cachaca-prosa-e-viola/
Café Brasil 695 – Fake news, mentira e crime;https://portalcafebrasil.com.br/podcasts/695-fake-news-mentira-e-crime/
Café Brasil 694 – Maus Professores – Revisitado;https://portalcafebrasil.com.br/podcasts/cafe-brasil-694-maus-professores-revisitado/
Café Brasil 693 – O influencer e o manipulator;https://portalcafebrasil.com.br/podcasts/693-o-influencer-e-o-manipulator/
Café Brasil 692 – Jabustiça;https://portalcafebrasil.com.br/podcasts/692-jabustica/
Café Brasil 691 – Os agilistas;https://portalcafebrasil.com.br/podcasts/691-os-agilistas/
Café Brasil 690 – Vale quanto?;https://portalcafebrasil.com.br/podcasts/690-vale-quanto/
Café Brasil 689 – A Missão;https://portalcafebrasil.com.br/podcasts/689-a-missao/
Café Brasil 688 – Doar órgãos é doar vida;https://portalcafebrasil.com.br/podcasts/688-doar-orgaos-e-doar-vida/
Café Brasil 687 – A herança maldita;https://portalcafebrasil.com.br/podcasts/687-a-heranca-maldita/
Café Brasil 686 – O Meu Everest;https://portalcafebrasil.com.br/podcasts/686-o-meu-everest/
Café Brasil 685 – Entrevista no Ranking dos Políticos;https://portalcafebrasil.com.br/podcasts/685-entrevista-no-ranking-dos-politicos/
Café Brasil 684 – Susceptibilidade à negatividade;https://portalcafebrasil.com.br/podcasts/684-susceptibilidade-a-negatividade/
Café Brasil 683 – O peixe;https://portalcafebrasil.com.br/podcasts/683-o-peixe/
Café Brasil 682 – LíderCast 13;https://portalcafebrasil.com.br/podcasts/682-lidercast-13/
Café Brasil 681 – Agrotóxicos: remédio ou veneno;https://portalcafebrasil.com.br/podcasts/681-agrotoxicos-remedio-ou-veneno/
Café Brasil 680 – Nova Previdência 2;https://portalcafebrasil.com.br/podcasts/680-nova-previdencia-2/
Café Brasil 679 – Será que acordamos?;https://portalcafebrasil.com.br/podcasts/679-sera-que-acordamos/
Café Brasil 678 – Dominando a Civilidade;https://portalcafebrasil.com.br/podcasts/678-dominando-a-civilidade/
Café Brasil 677 – Teorias da Conspiração;https://portalcafebrasil.com.br/podcasts/677-teorias-da-conspiracao/
Café Brasil 676 – Homem na Lua 2;https://portalcafebrasil.com.br/podcasts/676-homem-na-lua-2/
Café Brasil 675 – Homem na lua;https://portalcafebrasil.com.br/podcasts/675-homem-na-lua/
Café Brasil 674 – Balde de Caranguejos;https://portalcafebrasil.com.br/podcasts/674-balde-de-caranguejos/
Café Brasil 673 – LíderCast 12;https://portalcafebrasil.com.br/podcasts/673-lidercast-12/
Café Brasil 672 – A mão invisível do mercado;https://portalcafebrasil.com.br/podcasts/672-a-mao-invisivel-do-mercado/
Café Brasil 671 – Antifrágil;https://portalcafebrasil.com.br/podcasts/cafe-brasil-671-antifragil/
Café Brasil 670 – A nova Previdência;https://portalcafebrasil.com.br/podcasts/cafe-brasil-670-a-nova-previdencia/
Café Brasil 669 – Fora da Caixa 2;https://portalcafebrasil.com.br/podcasts/669-fora-da-caixa-2/
Café Brasil 668 – Fora da caixa;https://portalcafebrasil.com.br/podcasts/668-fora-da-caixa/
Café Brasil 667 – Ajuda, por favor;https://portalcafebrasil.com.br/podcasts/667-ajuda-por-favor/
Café Brasil 666 – O diabo é o pai do rock;https://portalcafebrasil.com.br/podcasts/666-o-diabo-e-o-pai-do-rock/
Café Brasil 665 – O Vale;https://portalcafebrasil.com.br/podcasts/665-o-vale/
Café Brasil 664 – Sobre lagartas e borboletas;https://portalcafebrasil.com.br/podcasts/664-sobre-lagartas-e-borboletas/
Café Brasil 663 – A crisálida;https://portalcafebrasil.com.br/podcasts/663-a-crisalida/
Café Brasil 662 – A importância da cultura;https://portalcafebrasil.com.br/podcasts/662-a-importancia-da-cultura/
661 – A teoria do valor subjetivo;https://portalcafebrasil.com.br/podcasts/661-a-teoria-do-valor-subjetivo/
Café Brasil 660 – Na esquina da sua casa;https://portalcafebrasil.com.br/podcasts/660-na-esquina-da-sua-casa/
Café Brasil 659 – Empreendedorismo no Palco;https://portalcafebrasil.com.br/podcasts/659-empreendorismo-no-palco/
Café Brasil 658 – Chá com a gente;https://portalcafebrasil.com.br/podcasts/658-cha-com-a-gente/
Café Brasil 657 – Brumadinho e a Challenger;https://portalcafebrasil.com.br/podcasts/657-brumadinho-e-a-challenger/
Café Brasil 656 – Rua Ramalhete;https://portalcafebrasil.com.br/podcasts/656-rua-ramalhete/
Café Brasil 655 – É carnaval;https://portalcafebrasil.com.br/podcasts/655-e-carnaval/
Café Brasil 654 – Sarau Café Brasil III;https://portalcafebrasil.com.br/podcasts/654-sarau-cafe-brasil-iii/
Café Brasil 653 – LíderCast 11;https://portalcafebrasil.com.br/podcasts/cafe-brasil-653-lidercast-11/
Café Brasil 652 – A realidade real;https://portalcafebrasil.com.br/podcasts/652-a-realidade-real/
Café Brasil 651 – Era uma vez…;https://portalcafebrasil.com.br/podcasts/651-era-uma-vez/
Café Brasil 650 – A Espiral do Silêncio;https://portalcafebrasil.com.br/podcasts/650-a-espiral-do-silencio/
Café Brasil 649 – Quando eu tiver 64;https://portalcafebrasil.com.br/podcasts/649-quando-eu-tiver-64/
Café Brasil 648 – Ethos, Logos, Pathos e o Diálogo Aberto;https://portalcafebrasil.com.br/podcasts/648-ethos-logos-pathos-e-o-dialogo-aberto/
Café Brasil 647 – Father Hunger;https://portalcafebrasil.com.br/podcasts/647-father-hunger/
Café Brasil 646 – Harry Nilsson;https://portalcafebrasil.com.br/podcasts/646-harry-nilsson/
Café Brasil 645 – O Brasil e a demanda por dar certo;https://portalcafebrasil.com.br/podcasts/645-o-brasil-e-a-demanda-por-dar-certo/
Café Brasil 644 – Apresentação da PodPesquisa 2018;https://portalcafebrasil.com.br/podcasts/644-apresentacao-da-podpesquisa-2018/
Café Brasil 643 – Dominando a Civilidade;https://portalcafebrasil.com.br/podcasts/643-dominando-a-civilidade/
Café Brasil 642 – A caverna de todos nós;https://portalcafebrasil.com.br/podcasts/642-a-caverna-de-todos-nos/
Café Brasil 641 – O delito de ser livre;https://portalcafebrasil.com.br/podcasts/641-o-delito-de-ser-livre/
Café Brasil 640 – O monumento à incompetência;https://portalcafebrasil.com.br/podcasts/640-o-monumento-a-incompetencia/
Café Brasil 639 – Chega de falar de política;https://portalcafebrasil.com.br/podcasts/639-chega-de-falar-de-politica/
Café Brasil 638 – O efeito Dunning-Kruger;https://portalcafebrasil.com.br/podcasts/638-o-efeito-dunning-kruger/
Café Brasil 637 – LíderCast 10;https://portalcafebrasil.com.br/podcasts/637-lidercast-10/
Café Brasil 636 – As duas éticas da eleição;https://portalcafebrasil.com.br/podcasts/636-as-duas-eticas-da-eleicao/
Café Brasil 635 – De onde surgiu Bolsonaro?;https://portalcafebrasil.com.br/podcasts/635-de-onde-surgiu-bolsonaro/
Café Brasil 634 – Me chama de corrupto, porra!;https://portalcafebrasil.com.br/podcasts/634-me-chama-de-corrupto-porra/
Café Brasil 633 – Ballascast;https://portalcafebrasil.com.br/podcasts/633-ballascast/
Café Brasil 632 – A era da inveja;https://portalcafebrasil.com.br/podcasts/632-a-era-da-inveja/
Café Brasil 631 – O valor de seu voto – Revisitado;https://portalcafebrasil.com.br/podcasts/631-o-valor-de-seu-voto-revisitado/
Café Brasil 630 – Outra Guerreira – Simone Mozilli;https://portalcafebrasil.com.br/podcasts/630-outra-guerreira-simone-mozilli/
Café Brasil 629 – Gramsci e os Cadernos do Cárcere;https://portalcafebrasil.com.br/podcasts/629-os-cadernos-do-carcere/
Café Brasil 628 – O olhar de pânico;https://portalcafebrasil.com.br/podcasts/628-o-olhar-de-panico/
Café Brasil 627 – Os donos da liberdade;https://portalcafebrasil.com.br/podcasts/627-os-donos-da-liberdade/
Café Brasil 626 – AlôTénica – A Podpesquisa;https://portalcafebrasil.com.br/podcasts/626-alotenica-a-podpesquisa/
Café Brasil 625 – João Amoêdo;https://portalcafebrasil.com.br/podcasts/625-joao-amoedo/
Café Brasil 624 – Paulo Rabello de Castro;https://portalcafebrasil.com.br/podcasts/624-paulo-rabello-de-castro/
Café Brasil 623 – A lógica da adequação;https://portalcafebrasil.com.br/podcasts/cafe-brasil-623-a-logica-da-adequacao/
Café Brasil 622 – O Esfíncter Intelectual;https://portalcafebrasil.com.br/podcasts/622-o-esfincter-intelectual/
Café Brasil 621 – Orgulho de Ser Brasileiro;https://portalcafebrasil.com.br/podcasts/cafe-brasil-621-orgulho-de-ser-brasileiro/
Café Brasil 620 – Democracia, tolerância e censura;https://portalcafebrasil.com.br/podcasts/cafe-brasil-620-democracia-tolerancia-e-censura/
Café Brasil 619 – LíderCast 9;https://portalcafebrasil.com.br/podcasts/619-lidercast-9/
Café Brasil 618 – No Toca Fitas Do Meu Carro – Scary Pockets;https://portalcafebrasil.com.br/podcasts/618-no-toca-fitas-do-meu-carro-scary-pockets/
Café Brasil 617 – O Clube da Música Autoral;https://portalcafebrasil.com.br/podcasts/617-o-clube-da-musica-autoral/
Café Brasil 616 – Na média;https://portalcafebrasil.com.br/podcasts/616-na-media/
Café Brasil 615 – Fake News? Procure o viés;https://portalcafebrasil.com.br/podcasts/615-fake-news-procure-o-vies/
Café Brasil 614 – Limão ou limonada;https://portalcafebrasil.com.br/podcasts/614-limao-ou-limonada/
Café Brasil 613 – Biologia política;https://portalcafebrasil.com.br/podcasts/cafe-brasil-613-biologia-politica/
Café Brasil 612 – O Efeito Genovese;https://portalcafebrasil.com.br/podcasts/612-o-efeito-genovese/
Café Brasil 611 – Momentos felizes;https://portalcafebrasil.com.br/podcasts/611-momentos-felizes/
Café Brasil 610 – Abre-te Sésamo;https://portalcafebrasil.com.br/podcasts/610-abre-te-sesamo/
Café Brasil 609 – As leis;https://portalcafebrasil.com.br/podcasts/609-as-leis/
Café Brasil 608 – As 12 Regras;https://portalcafebrasil.com.br/podcasts/608-as-12-regras/
Café Brasil 607 – Uma Guerreira;https://portalcafebrasil.com.br/podcasts/607-uma-guerreira/
Café Brasil 606- Histeria Política;https://portalcafebrasil.com.br/podcasts/606-histeria-politica/
Café Brasil 605 – O jeito que somos;https://portalcafebrasil.com.br/podcasts/605-o-jeito-que-somos/
Café Brasil 604 – (IN) segurança pública;https://portalcafebrasil.com.br/podcasts/604-in-seguranca-publica/
Café Brasil 603 – LíderCast 8;https://portalcafebrasil.com.br/podcasts/603-lidercast-8/
Café Brasil 602 – Tá esperando? – Revisitado;https://portalcafebrasil.com.br/podcasts/602-ta-esperando-revisitado/
Café Brasil 601 – Alfabetização para a Mídia II;https://portalcafebrasil.com.br/podcasts/601-alfabetizacao-para-a-midia-ii/
Café Brasil 600 – God Save The Queen;https://portalcafebrasil.com.br/podcasts/600-god-save-the-queen/
Café Brasil 599 – Gastando tempo;https://portalcafebrasil.com.br/podcasts/599-gastando-tempo/
Café Brasil 598 – O bovárico;https://portalcafebrasil.com.br/podcasts/598-o-bovarico/
Café Brasil 597 – Simplifique;https://portalcafebrasil.com.br/podcasts/597-simplifique/
Café Brasil 596 – A complicada arte de ver – revisitado;https://portalcafebrasil.com.br/podcasts/596-a-complicada-arte-de-ver-revisitado/
Café Brasil 595 – A empatia positiva;https://portalcafebrasil.com.br/podcasts/595-a-empatia-positiva/
Café Brasil 594 – Sultans of Swing;https://portalcafebrasil.com.br/podcasts/594-sultans-of-swing/
Café Brasil 593 – Chororô;https://portalcafebrasil.com.br/podcasts/593-chororo/
Café Brasil 592 – Transgressores;https://portalcafebrasil.com.br/podcasts/592-transgressores/
Café Brasil 591 – Alfabetização para a mídia;https://portalcafebrasil.com.br/podcasts/591-alfabetizacao-para-a-midia/
Café Brasil 590 – O que aprendi com o câncer;https://portalcafebrasil.com.br/podcasts/590-o-que-aprendi-com-o-cancer/
Café Brasil 589 – A cultura da reclamação;https://portalcafebrasil.com.br/podcasts/589-a-cultura-da-reclamacao/
Café Brasil 588 – Escola Sem Partido;https://portalcafebrasil.com.br/podcasts/588-escola-sem-partido/
Café Brasil 587 – Podres de Mimados;https://portalcafebrasil.com.br/podcasts/587-podres-de-mimados/
Café Brasil 586 – LiderCast 7;https://portalcafebrasil.com.br/podcasts/586-lidercast-7/
Café Brasil 585 – Tolerância e relativismo;https://portalcafebrasil.com.br/podcasts/585-tolerancia-e-relativismo/
Café Brasil 584 – O muitos e o um;https://portalcafebrasil.com.br/podcasts/584-o-muitos-e-o-um/
Café Brasil 583 – A regra dos dois desvios;https://portalcafebrasil.com.br/podcasts/583-a-regra-dos-dois-desvios/
Café Brasil 582 – Sobre transgressão;https://portalcafebrasil.com.br/podcasts/582-sobre-transgressao/
Café Brasil 581 – Carta aos jornalistas;https://portalcafebrasil.com.br/podcasts/581-carta-aos-jornalistas/
Café Brasil 580 – O esquecimento do bem;https://portalcafebrasil.com.br/podcasts/580-o-esquecimento-do-bem/
Café Brasil 579 – A arte de falar merda;https://portalcafebrasil.com.br/podcasts/579-a-arte-de-falar-merda/
Café Brasil 578 – O Círculo de ouro;https://portalcafebrasil.com.br/podcasts/578-o-circulo-de-ouro/
Café Brasil 577 – Dois pra lá, dois pra cá;https://portalcafebrasil.com.br/podcasts/577-dois-pra-la-dois-pra-ca/
Café Brasil 576 – Gratitude;https://portalcafebrasil.com.br/podcasts/576-gratitude/
Café Brasil Curto 23 – Ideias românticas;https://portalcafebrasil.com.br/podcasts/cafe-brasil-curto-23-ideias-romanticas/
Café Brasil Curto 22 – O que falta;https://portalcafebrasil.com.br/podcasts/cafe-brasil-curto-22-o-que-falta/
Café Brasil Curto 21 – Os exemplos;https://portalcafebrasil.com.br/podcasts/cafe-brasil-curto-21-os-exemplos/
Café Brasil 575 – As horas;https://portalcafebrasil.com.br/podcasts/575-as-horas/
Café Brasil Curto 20 – Acho por acho;https://portalcafebrasil.com.br/podcasts/cafe-brasil-curto-20-acho-por-acho/
Café Brasil Curto 19 – Mudar por discurso?;https://portalcafebrasil.com.br/podcasts/cafe-brasil-curto-19-mudar-por-discurso/
Café Brasil 574 – Os agoristas;https://portalcafebrasil.com.br/podcasts/574-os-agoristas/
Café Brasil Curto 18 – O problema são os outros;https://portalcafebrasil.com.br/podcasts/cafe-brasil-curto-18-o-problema-sao-os-outros/
Café Brasil Curto 17 – Cadê elas?;https://portalcafebrasil.com.br/podcasts/cafe-brasil-curto-17-cade-elas/
Café Brasil 573 – Despacito;https://portalcafebrasil.com.br/podcasts/573-despacito/
Café Brasil Curto 16 – Imunização Cognitiva;https://portalcafebrasil.com.br/podcasts/cafe-brasil-curto-16-imunizacao-cognitiva/
Café Brasil Curto 15 – Oito ou oitenta;https://portalcafebrasil.com.br/podcasts/cafe-brasil-curto-15-oito-ou-oitenta/
Café Brasil 572 – O ouvinte ativo – Revisitado;https://portalcafebrasil.com.br/podcasts/572-o-ouvinte-ativo-revisitado/
Café Brasil Curto 14 – Sobre liberdade;https://portalcafebrasil.com.br/podcasts/cafe-brasil-curto-14-sobre-liberdade/
Café Brasil Curto 13 – Sobre resignação;https://portalcafebrasil.com.br/podcasts/cafe-brasil-curto-13-sobre-resignacao/
Café Brasil 571 – Fala sério;https://portalcafebrasil.com.br/podcasts/571-fala-serio/
Café Brasil Curto 12 – Viver do passado;https://portalcafebrasil.com.br/podcasts/cafe-brasil-curto-12-viver-do-passado/
Café Brasil Curto 11 – Os mais vivos;https://portalcafebrasil.com.br/podcasts/cafe-brasil-curto-11-os-mais-vivos/
Café Brasil 570 – LíderCast 6;https://portalcafebrasil.com.br/podcasts/570-lidercast-6/
Café Brasil Curto 10 – Os porquês;https://portalcafebrasil.com.br/podcasts/cafe-brasil-curto-10-os-porques/
Café Brasil Curto 09 – Economia do Compartilhamento;https://portalcafebrasil.com.br/podcasts/cafe-brasil-curto-09-economia-do-compartilhamento/
Café Brasil 569 – O artista de rua;https://portalcafebrasil.com.br/podcasts/569-o-artista-de-rua/
Café Brasil Curto 08 – Educação adulta;https://portalcafebrasil.com.br/podcasts/cafe-brasil-curto-08-educacao-adulta/
Café Brasil Curto 07 – Os Suspeitos;https://portalcafebrasil.com.br/podcasts/cafe-brasil-curto-07-os-suspeitos/
Café Brasil 568 – Ao mestre com carinho;https://portalcafebrasil.com.br/podcasts/568-ao-mestre-com-carinho/
Café Brasil Curto 06 – O Gestor;https://portalcafebrasil.com.br/podcasts/cafe-brasil-curto-06-o-gestor/
Café Brasil Curto 05 – A zona da indiferença;https://portalcafebrasil.com.br/podcasts/cafe-brasil-curto-05-a-zona-da-indiferenca/
Café Brasil 567 – Carta ao jovem desempregado;https://portalcafebrasil.com.br/podcasts/567-carta-ao-jovem-desempregado/
Café Brasil Curto 04 – O preço da liberdade;https://portalcafebrasil.com.br/podcasts/cafe-brasil-curto-04-o-preco-da-liberdade/
Café Brasil Curto 03 – FISCALMENTE ILUDIDOS;https://portalcafebrasil.com.br/podcasts/cafe-brasil-curto-03-fiscalmente-iludidos/
Café Brasil Curto 02 – A FORMATURA;https://portalcafebrasil.com.br/podcasts/cafe-brasil-curto-02-a-formatura/
Café Brasil 566 – Mindset;https://portalcafebrasil.com.br/podcasts/566-mindset/
Café Brasil Curto 01 – É TUDO SODA;https://portalcafebrasil.com.br/podcasts/cafe-brasil-curto-01-e-tudo-soda/
Café Brasil 565 – Ainda a desigualdade;https://portalcafebrasil.com.br/podcasts/565-ainda-a-desigualdade/
Café Brasil 564 – Fogo no circo;https://portalcafebrasil.com.br/podcasts/564-fogo-no-circo/
Café Brasil 563 – Corruptinhos – Revisitado;https://portalcafebrasil.com.br/podcasts/563-corruptinhos-revisitado/
Café Brasil 562 – Orgulho de ser corrupto;https://portalcafebrasil.com.br/podcasts/562-orgulho-de-ser-corrupto/
Café Brasil 561 – Intueri;https://portalcafebrasil.com.br/podcasts/561-intueri/
Café Brasil 560 – Welcome to the Hotel California;https://portalcafebrasil.com.br/podcasts/560-welcome-to-the-hotel-california/
Café Brasil 559 – Vida de vampiro;https://portalcafebrasil.com.br/podcasts/559-vida-de-vampiro/
Café Brasil 558 – O Café Brasil Premium;https://portalcafebrasil.com.br/podcasts/558-o-cafe-brasil-premium/
557 – Três princípios para falar de Justiça;https://portalcafebrasil.com.br/podcasts/557-tres-principios-para-falar-de-justica/
Café Brasil 556 – Certos abraços – Revisitado;https://portalcafebrasil.com.br/podcasts/556-certos-abracos-revisitado/
Café Brasil 555 – Uma proposta para reforma da Previdência;https://portalcafebrasil.com.br/podcasts/555-uma-proposta-para-reforma-da-previdencia/
Café Brasil 554 – Um jeito de ver o mundo;https://portalcafebrasil.com.br/podcasts/554-um-jeito-de-ver-o-mundo/
Café Brasil 553 – Exponential Talks;https://portalcafebrasil.com.br/podcasts/553-exponential-talks/
Café Brasil 552 – LíderCast 5;https://portalcafebrasil.com.br/podcasts/552-lidercast-5/
Café Brasil 551 – Todo mundo é deficiente;https://portalcafebrasil.com.br/podcasts/551-todo-mundo-e-deficiente/
Café Brasil 550 – Carnaval revisitado;https://portalcafebrasil.com.br/podcasts/550-carnaval-revisitado/
Café Brasil 549 – Os quatro compromissos;https://portalcafebrasil.com.br/podcasts/549-os-quatro-compromissos/
Café Brasil 548 – O efeito borboleta;https://portalcafebrasil.com.br/podcasts/548-o-efeito-borboleta/
Café Brasil 547 – Sobre desigualdade;https://portalcafebrasil.com.br/podcasts/547-sobre-desigualdade/
Café Brasil 546 – Só por hoje;https://portalcafebrasil.com.br/podcasts/546-so-por-hoje/
Café Brasil 545 – Explicando Política Para Crianças – Revisitado;https://portalcafebrasil.com.br/podcasts/545-explicando-politica-para-criancas-revisitado/
Café Brasil 544 – Persuadível;https://portalcafebrasil.com.br/podcasts/544-persuadivel/
Café Brasil 543 – Desengajamento moral;https://portalcafebrasil.com.br/podcasts/543-desengajamento-moral/
542 – Tapestry;https://portalcafebrasil.com.br/podcasts/542-tapestry/
Café Brasil 541 – A festa do podcast;https://portalcafebrasil.com.br/podcasts/541-a-festa-do-podcast/
Café Brasil 540 – Cobertor de solteiro;https://portalcafebrasil.com.br/podcasts/540-cobertor-de-solteiro/
Café Brasil 539 – A história de um valente;https://portalcafebrasil.com.br/podcasts/539-a-historia-de-um-valente/
Café Brasil 538 – Caçadores da verdade perdida;https://portalcafebrasil.com.br/podcasts/538-cacadores-da-verdade-perdida/
Café Brasil 537 – Vamo, vamo, Chape!;https://portalcafebrasil.com.br/podcasts/537-vamo-vamo-chape/
Café Brasil 536 – A política da pós-verdade;https://portalcafebrasil.com.br/podcasts/536-a-politica-da-pos-verdade/
Café Brasil 535 – Hallelujah;https://portalcafebrasil.com.br/podcasts/535-hallelujah/
Café Brasil 534 – Labfazedores;https://portalcafebrasil.com.br/podcasts/534-labfazedores/
Café Brasil 533 – Que país é esse;https://portalcafebrasil.com.br/podcasts/533-que-pais-e-esse/
Café Brasil 532 – Lidercast IV;https://portalcafebrasil.com.br/podcasts/532-lidercast-iv/
Café Brasil 531 – A invasão dos caras de pau;https://portalcafebrasil.com.br/podcasts/531-a-invasao-dos-caras-de-pau/
Café Brasil 530 – Opinião@dois;https://portalcafebrasil.com.br/podcasts/530-opiniaodois/
Café Brasil 529 – Equilíbrio Distante;https://portalcafebrasil.com.br/podcasts/529-equilibrio-distante/
Café Brasil 528 – Um dia útil – Revisitado;https://portalcafebrasil.com.br/podcasts/528-um-dia-util-revisitado/
Café Brasil 527 – Os X Men;https://portalcafebrasil.com.br/podcasts/527-os-x-men/
Café Brasil 526 – Um jeito brasileiro de ser;https://portalcafebrasil.com.br/podcasts/526-um-jeito-brasileiro-de-ser/
Café Brasil 525 – Empreende Dor;https://portalcafebrasil.com.br/podcasts/525-empreende-dor/
Café Brasil 524 – O dia seguinte;https://portalcafebrasil.com.br/podcasts/524-o-dia-seguinte/
Café Brasil 523 – Persuadir ou manipular;https://portalcafebrasil.com.br/podcasts/523-persuadir-ou-manipular/
Café Brasil 522 – Folha seca;https://portalcafebrasil.com.br/podcasts/522-folha-seca/
Café Brasil 521 – A cultura do confronto;https://portalcafebrasil.com.br/podcasts/521-a-cultura-do-confronto/
Café Brasil 520 – Cabeça fechada;https://portalcafebrasil.com.br/podcasts/520-cabeca-fechada/
Café Brasil 519 – Café com coach;https://portalcafebrasil.com.br/podcasts/519-cafe-com-coach/
Café Brasil 518 – O fator Merlin;https://portalcafebrasil.com.br/podcasts/518-o-fator-merlin/
517 – Música e Ditadura Revisitado;https://portalcafebrasil.com.br/podcasts/517-musica-e-ditadura-revisitado/
Café Brasil 516 – Pra onde você vai?;https://portalcafebrasil.com.br/podcasts/516-pra-onde-voce-vai/
Café Brasil 515 – Se vira, meu;https://portalcafebrasil.com.br/podcasts/515-se-vira-meu/
Café Brasil 514 – Rocket Man;https://portalcafebrasil.com.br/podcasts/514-rocket-man/
Café Brasil 513 – O valor da arte;https://portalcafebrasil.com.br/podcasts/513-o-valor-da-arte/
Café Brasil 512 – Pinxado no Muro II;https://portalcafebrasil.com.br/podcasts/512-pinxado-no-muro-ii/
Café Brasil 511 – Pinxado no muro revisitado;https://portalcafebrasil.com.br/podcasts/511-pinxado-no-muro-revisitado/
Café Brasil 510 – LíderCast III;https://portalcafebrasil.com.br/podcasts/510-lidercast-iii/
Café Brasil 509 – O tênis e o frescobol;https://portalcafebrasil.com.br/podcasts/509-o-tenis-e-o-frescobol/
Café Brasil 508 – A dissonância cognitiva;https://portalcafebrasil.com.br/podcasts/508-a-dissonancia-cognitiva/
Café Brasil 507 – Amizades desfeitas;https://portalcafebrasil.com.br/podcasts/507-amizades-desfeitas/
Café Brasil 506 – O espelho;https://portalcafebrasil.com.br/podcasts/506-o-espelho/
Café Brasil 505 – João Brasileiro Médio Revisitado;https://portalcafebrasil.com.br/podcasts/505-joao-brasileiro-medio-revisitado/
Café Brasil 504 – As visões se clareando;https://portalcafebrasil.com.br/podcasts/504-as-visoes-se-clareando/
Café Brasil 503 – A indiferença;https://portalcafebrasil.com.br/podcasts/503-a-indiferenca/
Café Brasil 502 – Um coxinha.;https://portalcafebrasil.com.br/podcasts/502-eu-coxinha/
Café Brasil 501 – Vai viver, cara;https://portalcafebrasil.com.br/podcasts/501-vai-viver-cara/
Café Brasil 500 – Caleidoscópio;https://portalcafebrasil.com.br/podcasts/500-caleidoscopio/
Café Brasil 499 – Rabarbaro;https://portalcafebrasil.com.br/podcasts/499-rabarbaro/
Café Brasil 498 – O hiato da aspiração;https://portalcafebrasil.com.br/podcasts/498-o-hiato-da-aspiracao/
Café Brasil 497 – Eureka!;https://portalcafebrasil.com.br/podcasts/497-eureka/
Café Brasil 496 – Carta aberta ao Brasil;https://portalcafebrasil.com.br/podcasts/496-carta-aberta-ao-brasil/
Café Brasil 495 – Crise ou transformação;https://portalcafebrasil.com.br/podcasts/495-crise-ou-transformacao/
Café Brasil 494 – O bom propósito;https://portalcafebrasil.com.br/podcasts/494-o-bom-proposito/
Café Brasil 493 – Iscas Intelectuais ao Vivo 1;https://portalcafebrasil.com.br/podcasts/493-iscas-intelectuais-ao-vivo-1/
Café Brasil 492 – Qual é seu propósito?;https://portalcafebrasil.com.br/podcasts/492-qual-e-seu-proposito/
Café Brasil 491 – O homem das estrelas;https://portalcafebrasil.com.br/podcasts/491-o-homem-das-estrelas/
Café Brasil 490 – Caixa de histórias;https://portalcafebrasil.com.br/podcasts/490-caixa-de-historias/
Café Brasil 489 – A âncora;https://portalcafebrasil.com.br/podcasts/489-a-ancora/
Café Brasil 488 – O problema do problema;https://portalcafebrasil.com.br/podcasts/488-o-problema-do-problema/
Café Brasil 487 – Unfollow;https://portalcafebrasil.com.br/podcasts/487-unfollow/
Café Brasil 486 – EXTRA – Star Wars;https://portalcafebrasil.com.br/podcasts/486-extra-star-wars/
Café Brasil 485 – Capitalismo, Estado e Compadres;https://portalcafebrasil.com.br/podcasts/485-capitalismo-estado-e-compadres/
Café Brasil 484 – LíderCast II;https://portalcafebrasil.com.br/podcasts/484-lidercast-ii/
Café Brasil 483 – A luta contra a AIDS;https://portalcafebrasil.com.br/podcasts/483-a-luta-contra-a-aids/
Café Brasil 482 – Em nome de Alá;https://portalcafebrasil.com.br/podcasts/482-em-nome-de-ala/
Café Brasil 481 – Histórias de fãs;https://portalcafebrasil.com.br/podcasts/481-historias-de-fas/
Café Brasil 480 – A crítica nutritiva;https://portalcafebrasil.com.br/podcasts/480-a-critica-nutritiva/
Café Brasil 479 – Um salto no espaço;https://portalcafebrasil.com.br/podcasts/479-um-salto-no-espaco/
Café Brasil 478 – Suscetibilidade à negatividade;https://portalcafebrasil.com.br/podcasts/478-suscetibilidade-a-negatividade/
Café Brasil 477 – Entrevista no Mises Brasil;https://portalcafebrasil.com.br/podcasts/cafe-brasil-477-entrevista-no-mises-brasil/
Café Brasil 476 – Fêmeas e macho;https://portalcafebrasil.com.br/podcasts/476-femeas-e-macho/
Café Brasil 475 – Estadão ou estadinho;https://portalcafebrasil.com.br/podcasts/475-estadao-ou-estadinho/
Café Brasil 474 – La mano peluda;https://portalcafebrasil.com.br/podcasts/474-la-mano-peluda/
Café Brasil 473 – Canção do exílio;https://portalcafebrasil.com.br/podcasts/473-cancao-do-exilio/
Café Brasil 472 – A Era da ansiedade;https://portalcafebrasil.com.br/podcasts/472-a-era-da-ansiedade/
Café Brasil 471 – A revolução;https://portalcafebrasil.com.br/podcasts/471-a-revolucao/
Café Brasil 470 – Ultrageek – Pais x Tecnologia;https://portalcafebrasil.com.br/podcasts/470-ultrageek-pais-vc-tecnologia/
Café Brasil 469 – O Aqui e agora;https://portalcafebrasil.com.br/podcasts/469-o-aqui-e-agora/
Café Brasil 468 – Armadura Emocional;https://portalcafebrasil.com.br/podcasts/468-armadura-emocional/
Café Brasil 467 – Brasiliência;https://portalcafebrasil.com.br/podcasts/467-brasiliencia/
Café Brasil 466 – Perfil do ouvinte;https://portalcafebrasil.com.br/podcasts/466-perfil-do-ouvinte/
Café Brasil 465 – Ainda a produtividade;https://portalcafebrasil.com.br/podcasts/465-ainda-a-produtividade/
Café Brasil 464 – Desigualdade social;https://portalcafebrasil.com.br/podcasts/464-desigualdade-social/
Café Brasil 463 – Sobre sorte e Azar;https://portalcafebrasil.com.br/podcasts/463-sobre-sorte-e-azar/
Café Brasil 462 – Meritocracia três;https://portalcafebrasil.com.br/podcasts/462-meritocracia-tres/
Café Brasil 461 – Meritocracia dois;https://portalcafebrasil.com.br/podcasts/461-meritocracia-dois/
Café Brasil 460 – Meritocracia um;https://portalcafebrasil.com.br/podcasts/460-meritocracia-um/
Café Brasil 459 – Café Brasil LíderCast;https://portalcafebrasil.com.br/podcasts/459-cafe-brasil-lidercast/
Café Brasil 458 – Questão de Mulher;https://portalcafebrasil.com.br/podcasts/458-questao-de-mulher/
Café Brasil 457 – Va Pensiero;https://portalcafebrasil.com.br/podcasts/457-va-pensiero/
Café Brasil 456 – Me engana que eu gosto;https://portalcafebrasil.com.br/podcasts/456-me-engana-que-eu-gosto/
Café Brasil 455 – Bohemian Rhapsody Revisitada;https://portalcafebrasil.com.br/podcasts/455-bohemian-rhapsody-revisitada/
Café Brasil 454 – Café Brasil – Os primeiros 10 anos;https://portalcafebrasil.com.br/podcasts/454-cafe-brasil-os-primeiros-10-anos/
Café Brasil 453 – Quatro formas de gastar dinheiro;https://portalcafebrasil.com.br/podcasts/453-quatro-formas-de-ganhar-dinheiro/
Café Brasil 452 – Café com o Otário;https://portalcafebrasil.com.br/podcasts/452-cafe-com-o-otario/
Café Brasil 451 – Despoluindo olhares;https://portalcafebrasil.com.br/podcasts/451-despoluindo-olhares/
Café Brasil 450 – A revolta do Tico;https://portalcafebrasil.com.br/podcasts/450-a-revolta-do-tico/
Café Brasil 449 – O olhar não poluído;https://portalcafebrasil.com.br/podcasts/449-o-olhar-nao-poluido/
Café Brasil 448 – O que se vê e o que não se vê;https://portalcafebrasil.com.br/podcasts/448-o-que-se-ve-e-o-que-nao-se-ve/
Café Brasil 447 – Temacast: O Brasil tem jeito?;https://portalcafebrasil.com.br/podcasts/447-temacast-o-brasil-tem-jeito/
Café Brasil 446 – Conspiradores;https://portalcafebrasil.com.br/podcasts/446-conspiradores/
Café Brasil 445 – Matéria Estelar;https://portalcafebrasil.com.br/podcasts/445-materia-estelar/
Café Brasil 444 – Tá ruim ou tá bom?;https://portalcafebrasil.com.br/podcasts/444-ta-ruim-ou-ta-bom/
Café Brasil 443 – Tá bom ou tá ruim?;https://portalcafebrasil.com.br/podcasts/443-ta-bom-ou-ta-ruim/
Café Brasil 442 – Clássicos do Samba Enredo;https://portalcafebrasil.com.br/podcasts/442-classicos-do-samba-enredo/
Café Brasil 441 – Ultrageek – Os limites do humor;https://portalcafebrasil.com.br/podcasts/441-ultrageek-os-limites-do-humor/
Café Brasil 440 – O limite da liberdade 2;https://portalcafebrasil.com.br/podcasts/440-o-limite-da-liberdade-2/
Café Brasil 439 – O limite da liberdade 1;https://portalcafebrasil.com.br/podcasts/439-o-limite-da-liberdade-1/
Café Brasil 438 – Limpando a lista;https://portalcafebrasil.com.br/podcasts/438-limpando-a-lista/
Café Brasil 437 – Crônica para Charlie Hebdo;https://portalcafebrasil.com.br/podcasts/437-cronica-para-charlie-hebdo/
Café Brasil 436 – The Dark Side of the Moon;https://portalcafebrasil.com.br/podcasts/436-the-dark-side-of-the-moon/
Café Brasil 435 – O ouvinte fala;https://portalcafebrasil.com.br/podcasts/435-o-ouvinte-fala/
Café Brasil 434 – O bom dinheiro;https://portalcafebrasil.com.br/podcasts/434-o-bom-dinheiro/
Café Brasil 433 – Minha ideia, minha obra;https://portalcafebrasil.com.br/podcasts/433-minha-ideia-minha-obra/
Café Brasil 432 – Descendo do muro;https://portalcafebrasil.com.br/podcasts/432-descendo-do-muro/
Café Brasil 431 – No toca fitas do meu carro – Postmodern Jukebox;https://portalcafebrasil.com.br/podcasts/431-no-toca-fitas-do-meu-carro-postmodern-jukebox/
Café Brasil 430 – Serendipidade;https://portalcafebrasil.com.br/podcasts/430-serendipidade/
Café Brasil 429 – Ela é petista, mas é minha amiga;https://portalcafebrasil.com.br/podcasts/429-ela-e-petista-mas-e-minha-amiga-2/
Café Brasil 428 – Tocando em frente;https://portalcafebrasil.com.br/podcasts/428-tocando-em-frente/
Café Brasil 427 – Pai D´Égua Sumano;https://portalcafebrasil.com.br/podcasts/427-pai-degua-sumano/
Café Brasil 426 – Ostracismo Social;https://portalcafebrasil.com.br/podcasts/426-ostracismo-global/
Café Brasil 425 – Dia do podcast com Metacast;https://portalcafebrasil.com.br/podcasts/425-dia-do-podcast-com-metacast/
Café Brasil 424 – Aos Vinte e Sete;https://portalcafebrasil.com.br/podcasts/424-aos-vinte-e-sete/
Café Brasil 423 – Non ducor duco;https://portalcafebrasil.com.br/podcasts/423-non-ducor-duco/
Café Brasil 422 – O último dia.;https://portalcafebrasil.com.br/podcasts/422-o-ultimo-dia/
Café Brasil 421 – A pedra no lago.;https://portalcafebrasil.com.br/podcasts/421-a-pedra-no-lago/
Café Brasil 420 – A zona da indiferença.;https://portalcafebrasil.com.br/podcasts/420-a-zona-da-indiferenca/
Café Brasil 419 – Geração Cabecinha;https://portalcafebrasil.com.br/podcasts/419-geracao-cabecinha/
Café Brasil 418 – O imperativo categórico.;https://portalcafebrasil.com.br/podcasts/418-o-imperativo-categorico/
Café Brasil 417 – A fábrica de amigos.;https://portalcafebrasil.com.br/podcasts/417-a-fabrica-de-amigos/
Café Brasil 416 – Coisinha estúpida.;https://portalcafebrasil.com.br/podcasts/coisinha-estupida/
Café Brasil 415 – O valor de seu voto.;https://portalcafebrasil.com.br/podcasts/o-valor-de-seu-voto/
Café Brasil 414 – Eu acreditei;https://portalcafebrasil.com.br/podcasts/414-eu-acreditei/
Café Brasil 413 – A origem da burrice;https://portalcafebrasil.com.br/podcasts/413-a-origem-da-burrice/
Café Brasil 412 – Rubem Alves;https://portalcafebrasil.com.br/podcasts/412-rubem-alves/
